timestamp,space_id,occupancy_rate,queue_length,traffic_level,is_special_day,baseline_price,demand_price,competitive_price
2016-10-04 07:59:00,0,0.10571923743500866,1,1,False,10.052859618717504,11.412493821462451,10.988745675023715
2016-10-04 07:59:00,5248,0.1975,2,1,False,10.09875,11.567466639295983,11.097226647507188
2016-10-04 07:59:00,3936,0.38427947598253276,2,1,False,10.192139737991265,12.765711752451603,11.935998226716121
2016-10-04 07:59:00,6560,0.51340206185567,2,1,False,10.256701030927836,13.296156100140497,12.307334368687311
2016-10-04 07:59:00,17056,0.31979166666666664,2,1,False,10.159895833333334,12.489610569374214,11.74272739856195
2016-10-04 07:59:00,2624,0.24893617021276596,2,1,False,10.124468085106383,12.17851374778734,11.524959623451137
2016-10-04 07:59:00,7872,0.2579710144927536,2,1,False,10.128985507246377,12.218605524470663,11.553023867129463
2016-10-04 07:59:00,14432,0.33661119515885024,3,5,False,10.168305597579424,11.641007475696137,11.148705232987295
2016-10-04 07:59:00,9184,0.35291189646590343,2,1,False,10.176455948232952,12.632290188825559,11.8426118886655
2016-10-04 07:59:00,10496,0.06956831965750981,1,1,False,10.034784159828755,11.24375912797518,10.870654192152475
2016-10-04 07:59:00,1312,0.31007751937984496,2,1,False,10.155038759689923,12.447422356250001,11.713218266508246
2016-10-04 07:59:00,11808,0.27839299510687615,2,1,False,10.139196497553439,12.308780994526128,11.616176135665027
2016-10-04 07:59:00,13120,0.18624446714334356,2,1,False,10.093122233571671,11.515446111351011,11.060854037423152
2016-10-04 07:59:00,15744,0.1894940380277151,2,5,False,10.094747019013857,11.22866081251755,10.86011241504474
2016-10-04 08:25:00,14433,0.3615733736762481,2,1,False,10.180786686838124,13.01864895495573,12.113110671319236
2016-10-04 08:25:00,6561,0.5505154639175258,2,1,False,10.275257731958764,13.761489108800518,12.633120254033397
2016-10-04 08:25:00,9185,0.38825286212045795,3,5,False,10.194126431060228,12.250176096668039,11.575195778590558
2016-10-04 08:25:00,13121,0.22642151855635,2,1,False,10.113210759278175,12.078094079610647,11.454750374241122
2016-10-04 08:25:00,11809,0.3778006695853721,3,1,False,10.188900334792686,12.48820446715363,11.741838734966322
2016-10-04 08:25:00,1313,0.3333333333333333,2,5,False,10.166666666666666,11.892359723218869,11.324713612519503
2016-10-04 08:25:00,3937,0.4395924308588064,1,1,False,10.219796215429403,12.893009330614918,12.025195135468277
2016-10-04 08:25:00,2625,0.3702127659574468,1,1,False,10.185106382978724,12.235911790521342,11.565208045567385
2016-10-04 08:25:00,15745,0.21849822752175313,3,5,False,10.109249113760876,11.090843334921752,10.763699220300602
2016-10-04 08:25:00,7873,0.3898550724637681,2,1,False,10.194927536231884,12.78924865861125,11.952545137635067
2016-10-04 08:25:00,10497,0.0849090260435248,2,5,False,10.042454513021763,10.734378910395034,10.514179944749637
2016-10-04 08:25:00,17057,0.3963541666666667,2,1,False,10.198177083333333,12.816614789265973,11.97171011117719
2016-10-04 08:25:00,5249,0.2625,2,1,False,10.13125,11.86506407234111,11.305682960008284
2016-10-04 08:25:00,1,0.11091854419410745,1,1,False,10.055459272097053,11.436659104901057,11.005753481952755
2016-10-04 08:59:00,14434,0.3918305597579425,3,5,False,10.195915279878971,12.265980858681864,11.586305228102786
2016-10-04 08:59:00,1314,0.4005167958656331,2,1,False,10.200258397932817,12.834103234922816,11.983987379147518
2016-10-04 08:59:00,10498,0.11523367820192651,2,1,False,10.057616839100962,11.572391056601376,11.100804458923625
2016-10-04 08:59:00,17058,0.49895833333333334,2,1,False,10.249479166666667,13.23839083806776,12.267043583787466
2016-10-04 08:59:00,11810,0.516868400721092,2,1,False,10.258434200360545,13.30995813895585,12.317109807915617
2016-10-04 08:59:00,7874,0.6014492753623188,3,1,False,10.30072463768116,13.413694572168017,12.389746638458332
2016-10-04 08:59:00,6562,0.5731958762886598,2,1,False,10.28659793814433,13.53087329678176,12.471779284054442
2016-10-04 08:59:00,2626,0.5723404255319149,2,1,False,10.286170212765958,13.842585197574362,12.689951064739995
2016-10-04 08:59:00,3938,0.5036390101892285,2,1,False,10.251819505094614,13.58392418016434,12.508928216429096
2016-10-04 08:59:00,2,0.1386481802426343,2,1,False,10.069324090121317,11.680134296424798,11.176254505059276
2016-10-04 08:59:00,15746,0.25523686754753466,3,1,False,10.127618433773767,12.316891836323283,11.62198105921454
2016-10-04 08:59:00,5250,0.3675,2,1,False,10.18375,12.69455116383785,11.886410331884688
2016-10-04 08:59:00,13122,0.28872999659516513,2,1,False,10.144364998297583,11.98368004807121,11.388745171669262
2016-10-04 08:59:00,9186,0.4300647088103534,2,1,False,10.215032354405176,12.957346284722643,12.070322123618023
2016-10-04 09:32:00,2627,0.7468085106382979,3,1,False,10.37340425531915,14.256886563648807,12.980085130880651
2016-10-04 09:32:00,1315,0.5271317829457365,2,1,False,10.263565891472869,13.350684808452652,12.345666769796082
2016-10-04 09:32:00,13123,0.35274089206673476,3,1,False,10.176370446033367,12.738040262439451,11.91682368991884
2016-10-04 09:32:00,14435,0.4462934947049924,3,1,False,10.223146747352496,13.126618304639745,12.188842931251878
2016-10-04 09:32:00,7875,0.7681159420289855,2,1,False,10.384057971014492,14.244165759139431,12.97118583989386
2016-10-04 09:32:00,15747,0.30035449564937156,3,1,False,10.150177247824686,12.513701088176779,11.759817565101436
2016-10-04 09:32:00,10499,0.14983945772386728,2,1,False,10.074919728861934,11.346299600169111,10.94264993844384
2016-10-04 09:32:00,9187,0.4997511199601792,3,1,False,10.24987555998009,13.34125658555447,12.33912701395826
2016-10-04 09:32:00,3,0.1854419410745234,2,1,False,10.092720970537261,11.89352315038192,11.325707265267877
2016-10-04 09:32:00,17059,0.5838541666666667,3,1,False,10.291927083333333,13.667381661996236,12.567440915392492
2016-10-04 09:32:00,11811,0.6443471542621684,3,1,False,10.322173577131084,13.580245706037832,12.506437229273725
2016-10-04 09:32:00,3939,0.6026200873362445,2,1,False,10.301310043668122,13.9534162356654,12.767687480369837
2016-10-04 09:32:00,5251,0.46,2,1,False,10.23,12.733486975883732,11.913708551144069
2016-10-04 09:32:00,6563,0.622680412371134,3,1,False,10.311340206185568,14.114691481901609,12.880595480618904
2016-10-04 09:59:00,5252,0.5316666666666666,2,1,False,10.265833333333333,13.368613258775941,12.358406616817073
2016-10-04 09:59:00,17060,0.653125,3,1,False,10.3265625,14.22115482948046,12.955199635648171
2016-10-04 09:59:00,14436,0.4969742813918306,3,1,False,10.248487140695916,13.653922605139224,12.558030165014126
2016-10-04 09:59:00,2628,0.8446808510638298,2,1,False,10.422340425531916,14.220770990782988,12.954940618210088
2016-10-04 09:59:00,15748,0.33902674830808893,3,1,False,10.169513374154045,12.67976053877877,11.876136218220037
2016-10-04 09:59:00,10500,0.1698180520870496,3,1,False,10.084909026043524,11.935950238074039,11.355483309362231
2016-10-04 09:59:00,1316,0.6098191214470284,2,1,False,10.304909560723514,13.671039098224206,12.569998753742578
2016-10-04 09:59:00,9188,0.5684420109507218,3,1,False,10.284221005475361,13.608702889616854,12.52642049818246
2016-10-04 09:59:00,13124,0.39598229485869935,3,1,False,10.19799114742935,12.919632636677047,12.044090579824873
2016-10-04 09:59:00,7876,0.8695652173913043,2,1,False,10.434782608695652,14.58271658631617,13.20830739996288
2016-10-04 09:59:00,6564,0.6742268041237114,3,5,False,10.337113402061856,13.444892361296661,12.41185593612142
2016-10-04 09:59:00,4,0.25996533795493937,2,1,False,10.129982668977469,11.85355487763492,11.297818586949301
2016-10-04 09:59:00,11812,0.7216070048931239,3,1,False,10.360803502446561,14.453190548922612,13.117596700334868
2016-10-04 09:59:00,3940,0.7059679767103348,3,1,False,10.352983988355167,14.114529905982735,12.880593717211209
2016-10-04 10:26:00,14437,0.5408472012102874,3,1,False,10.270423600605143,13.50241569252032,12.452078066042187
2016-10-04 10:26:00,2629,0.9148936170212766,3,1,False,10.457446808510639,14.804037714755511,13.363362562547751
2016-10-04 10:26:00,15749,0.368030937802127,4,1,False,10.184015468901064,12.907345053555426,12.035547310760661
2016-10-04 10:26:00,7877,0.9304347826086956,4,1,False,10.465217391304348,14.92664711769519,13.44920560521881
2016-10-04 10:26:00,5,0.30675909878682844,3,1,False,10.153379549393414,12.541374478788718,11.779321994800505
2016-10-04 10:26:00,9189,0.6197112991538078,4,1,False,10.309855649576903,14.191935224972552,12.934775947566095
2016-10-04 10:26:00,10501,0.1872993221548341,4,1,False,10.093649661077418,12.126701274697002,11.489134553934239
2016-10-04 10:26:00,5253,0.5716666666666667,4,5,False,10.285833333333333,13.135662350340617,12.195450098622286
2016-10-04 10:26:00,13125,0.4279877425944842,3,1,False,10.213993871297243,13.051854189298064,12.136752945707928
2016-10-04 10:26:00,11813,0.7816121555498327,5,1,False,10.390806077774917,14.54075826201224,13.179002084903715
2016-10-04 10:26:00,17061,0.6895833333333333,4,1,False,10.344791666666667,14.14486376848651,12.90193114236365
2016-10-04 10:26:00,3941,0.7714701601164483,5,5,False,10.385735080058224,13.9981220833079,12.799240076291555
2016-10-04 10:26:00,6565,0.7237113402061855,3,1,False,10.361855670103093,14.176825821730395,12.924314748574513
2016-10-04 10:26:00,1317,0.6821705426356589,3,1,False,10.34108527131783,14.029902140423818,12.821332059172557
2016-10-04 10:59:00,17062,0.7223958333333333,5,5,False,10.361197916666667,13.818812431137408,12.673828017713205
2016-10-04 10:59:00,5254,0.6075,4,5,False,10.30375,13.279999253784911,12.296603043458314
2016-10-04 10:59:00,13126,0.4610146407899217,7,10,False,10.230507320394961,11.82043511702159,11.27480011668749
2016-10-04 10:59:00,15750,0.38994521430873347,5,5,False,10.194972607154368,12.476621314083815,11.734140172329816
2016-10-04 10:59:00,11814,0.816121555498326,6,5,False,10.408060777749164,14.243674130555162,12.97109036307083
2016-10-04 10:59:00,3942,0.834061135371179,4,5,False,10.41703056768559,14.131960618002573,12.893055162251798
2016-10-04 10:59:00,7878,0.9782608695652174,4,5,False,10.48913043478261,14.342123407309996,13.040196866329275
2016-10-04 10:59:00,6566,0.7649484536082474,6,10,False,10.382474226804124,13.368409702859456,12.358542891620106
2016-10-04 10:59:00,14438,0.5983358547655068,4,5,False,10.299167927382753,13.243323407145924,12.270867505067262
2016-10-04 10:59:00,6,0.37954939341421146,6,10,False,10.189774696707106,12.092087966755871,11.464926674365783
2016-10-04 10:59:00,1318,0.7958656330749354,4,5,False,10.397932816537468,13.995944710364125,12.797659904460932
2016-10-04 10:59:00,10502,0.20478059222261863,4,5,False,10.10239029611131,11.914007861728425,11.340363933915377
2016-10-04 10:59:00,2630,0.9744680851063829,6,10,False,10.487234042553192,14.150308958791793,12.905906363009878
2016-10-04 10:59:00,9190,0.6789447486311598,5,5,False,10.33947237431558,13.332185315394513,12.33309836896811
2016-10-04 11:25:00,17063,0.74375,6,5,False,10.371875,14.281353053858187,12.997728825609409
2016-10-04 11:25:00,5255,0.6375,5,5,False,10.31875,13.496611486601694,12.448338090896742
2016-10-04 11:25:00,7,0.42807625649913345,5,5,False,10.214038128249566,12.640916800295612,11.849204362683377
2016-10-04 11:25:00,14439,0.6202723146747352,5,5,False,10.310136157337368,13.748797465652082,12.624744659169645
2016-10-04 11:25:00,13127,0.46612189308818525,6,5,False,10.233060946544093,12.553802252651874,11.78826801828695
2016-10-04 11:25:00,9191,0.7088103534096566,6,5,False,10.354405176704828,13.54682970437446,12.483400866316046
2016-10-04 11:25:00,2631,0.9872340425531915,5,5,False,10.493617021276595,14.724094478996687,13.30768922057953
2016-10-04 11:25:00,15751,0.3999355462455688,9,10,False,10.199967773122784,12.511888528869328,11.75896097422754
2016-10-04 11:25:00,11815,0.829513262941025,7,5,False,10.414756631470512,14.647194987317587,13.253688903559368
2016-10-04 11:25:00,3943,0.8791848617176128,5,5,False,10.439592430858806,14.0852790545818,12.860510473127842
2016-10-04 11:25:00,10503,0.2097752408134142,5,5,False,10.104887620406707,12.049144482916354,11.43507835308735
2016-10-04 11:25:00,1319,0.8372093023255814,5,5,False,10.418604651162791,13.934429513667506,12.754705561800378
2016-10-04 11:25:00,6567,0.7690721649484537,7,10,False,10.384536082474227,13.799602243333917,12.66048762529304
2016-10-04 11:25:00,7879,0.9739130434782609,6,5,False,10.486956521739131,14.760454552132975,13.333167807150044
2016-10-04 11:59:00,15752,0.41508217853689977,6,5,False,10.20754108926845,12.33167528195838,11.632860851903642
2016-10-04 11:59:00,11816,0.836466649497811,7,5,False,10.418233324748906,14.111059245950916,12.878442073865372
2016-10-04 11:59:00,8,0.4488734835355286,5,5,False,10.224436741767764,12.729495334438488,11.911314649048304
2016-10-04 11:59:00,13128,0.47327204630575415,6,5,False,10.236636023152878,12.936848877603126,12.056516758154359
2016-10-04 11:59:00,10504,0.21584017124509455,5,5,False,10.107920085622547,11.698679118428284,11.189813603393828
2016-10-04 11:59:00,1320,0.8578811369509044,5,5,False,10.428940568475452,14.301175005515601,13.01153413930512
2016-10-04 11:59:00,9192,0.7317073170731707,6,5,False,10.365853658536585,13.634591774283432,12.544961532345845
2016-10-04 11:59:00,14440,0.632375189107413,8,10,False,10.316187594553707,13.035655677000692,12.125725664285017
2016-10-04 11:59:00,7880,0.981159420289855,7,10,False,10.490579710144928,14.26038682349829,12.983272944831493
2016-10-04 11:59:00,17064,0.7536458333333333,6,5,False,10.376822916666667,14.023906949787161,12.81765374858695
2016-10-04 11:59:00,6568,0.7855670103092783,7,10,False,10.39278350515464,13.546462575751574,12.483350715498752
2016-10-04 11:59:00,5256,0.6425,6,5,False,10.32125,13.612180622825305,12.529410154032874
2016-10-04 11:59:00,3944,0.9228529839883551,5,5,False,10.461426491994178,14.238145795610325,12.967648107658936
2016-10-04 11:59:00,2632,0.9787234042553191,5,5,False,10.48936170212766,14.42762258807031,13.100310278588758
2016-10-04 12:29:00,17065,0.7604166666666666,10,10,False,10.380208333333334,13.736145890564487,12.616349961536047
2016-10-04 12:29:00,11817,0.8372392480041205,11,10,False,10.41861962400206,14.107245580396965,12.87585480089819
2016-10-04 12:29:00,9,0.4610051993067591,8,10,False,10.230502599653379,11.93378318334818,11.354428751339722
2016-10-04 12:29:00,13129,0.4756554307116105,10,10,False,10.237827715355806,12.586868017719848,11.811612429434076
2016-10-04 12:29:00,5257,0.6491666666666667,9,10,False,10.324583333333333,13.205717241410008,12.24494364621458
2016-10-04 12:29:00,9193,0.7386759581881533,10,10,False,10.369337979094077,13.654055595572597,12.558657543706856
2016-10-04 12:29:00,2633,0.9872340425531915,8,10,False,10.493617021276595,14.36617988918645,13.057442280000654
2016-10-04 12:29:00,10505,0.21548341063146628,9,10,False,10.107741705315734,11.302621623726157,10.912673267855032
2016-10-04 12:29:00,7881,0.9898550724637681,9,10,False,10.494927536231884,14.458426460275707,13.122037224806569
2016-10-04 12:29:00,1321,0.8630490956072352,8,10,False,10.431524547803617,13.930745512722266,12.752333363878355
2016-10-04 12:29:00,3945,0.9432314410480349,9,10,False,10.471615720524017,14.00978832227456,12.807933695459262
2016-10-04 12:29:00,15753,0.41798259748630356,10,10,False,10.208991298743152,12.696604635177755,11.888468333106072
2016-10-04 12:29:00,14441,0.632375189107413,9,10,False,10.316187594553707,13.137788183715482,12.197311212724712
2016-10-04 12:29:00,6569,0.7814432989690722,6,5,False,10.390721649484536,14.122739623649583,12.88691066590534
2016-10-04 12:56:00,6570,0.7711340206185567,8,10,False,10.385567010309279,13.260471457314399,12.283388986314002
2016-10-04 13:02:00,17066,0.7541666666666667,9,10,False,10.377083333333333,13.617839700172464,12.533655369678636
2016-10-04 13:02:00,14442,0.6127080181543116,8,10,False,10.306354009077156,12.954486347937335,12.06901667760667
2016-10-04 13:02:00,11818,0.8323461241308266,10,10,False,10.416173062065413,14.000609149941013,12.801318410956984
2016-10-04 13:02:00,10,0.4662045060658579,7,10,False,10.233102253032929,12.21816313483442,11.553588657802091
2016-10-04 13:02:00,15754,0.41508217853689977,9,10,False,10.20754108926845,11.838938004232356,11.288169963185885
2016-10-04 13:02:00,7882,0.9565217391304348,8,10,False,10.478260869565217,13.967554217744267,12.778569540033407
2016-10-04 13:02:00,1322,0.8604651162790697,7,10,False,10.430232558139535,13.829492786502179,12.681554951643738
2016-10-04 13:02:00,9194,0.7272274763563962,8,10,False,10.363613738178199,13.082860890815624,12.158925803410206
2016-10-04 13:02:00,2634,0.9744680851063829,8,10,False,10.487234042553192,14.322975841717696,13.027339375480993
2016-10-04 13:02:00,3946,0.9475982532751092,6,5,False,10.473799126637555,14.933639126304561,13.454757767831543
2016-10-04 13:02:00,13130,0.4654409261150834,9,10,False,10.232720463057541,12.434493886255966,11.70508535753622
2016-10-04 13:02:00,5258,0.6441666666666667,7,10,False,10.322083333333333,13.319096141533585,12.324478496811151
2016-10-04 13:02:00,10506,0.21262932572244025,8,10,False,10.10631466286122,11.172123807454144,10.821439300103497
2016-10-04 13:29:00,3947,0.9432314410480349,8,10,False,10.471615720524017,14.215748102291233,12.952392163505866
2016-10-04 13:29:00,6571,0.7731958762886598,7,10,False,10.38659793814433,13.168144912278033,12.218865807780915
2016-10-04 13:29:00,11,0.4558058925476603,7,10,False,10.22790294627383,12.172007824647821,11.521376817765093
2016-10-04 13:29:00,5259,0.6316666666666667,6,5,False,10.315833333333334,13.570660728150163,12.50067763449509
2016-10-04 13:29:00,10507,0.20727791651801641,7,10,False,10.103638958259008,11.029198920954366,10.721398141319376
2016-10-04 13:29:00,1323,0.8552971576227391,7,10,False,10.42764857881137,13.810342335664354,12.668245776318855
2016-10-04 13:29:00,17067,0.7458333333333333,9,10,False,10.372916666666667,13.5859483323331,12.511447368958573
2016-10-04 13:29:00,2635,0.9574468085106383,8,10,False,10.47872340425532,14.26481192206177,12.986763182723013
2016-10-04 13:29:00,11819,0.8199845480298739,10,10,False,10.409992274014938,13.64636015718525,12.55341650584101
2016-10-04 13:29:00,14443,0.613464447806354,8,10,False,10.306732223903177,13.296404713778703,12.3084671599451
2016-10-04 13:29:00,9195,0.726231956197113,8,10,False,10.363115978098557,13.41284132928616,12.38999038805983
2016-10-04 13:29:00,7883,0.9391304347826087,8,10,False,10.469565217391304,14.201511235464523,12.942466618091593
2016-10-04 13:29:00,13131,0.4630575417092271,9,10,False,10.231528770854613,12.424108559889916,11.69789566818698
2016-10-04 13:29:00,15755,0.4102481469545601,8,10,False,10.20512407347728,12.08030195492783,11.457243987635652
2016-10-04 14:02:00,10508,0.20549411344987514,4,5,False,10.102747056724938,11.535959044556405,11.076215058829376
2016-10-04 14:02:00,14444,0.6164901664145235,4,5,False,10.308245083207261,13.640111132902462,12.54912972457246
2016-10-04 14:02:00,5260,0.6308333333333334,5,5,False,10.315416666666668,13.470679433692908,12.430747930303365
2016-10-04 14:02:00,13132,0.4603336738168199,5,5,False,10.23016683690841,12.777986216241043,11.945661714720352
2016-10-04 14:02:00,6572,0.7855670103092783,5,5,False,10.39278350515464,14.048671741547068,12.83539814811764
2016-10-04 14:02:00,15756,0.40670319046084435,5,5,False,10.203351595230423,12.549122408560184,11.785471880966526
2016-10-04 14:02:00,11820,0.8099407674478496,5,5,False,10.404970383723924,14.420572066896378,13.095500252310421
2016-10-04 14:02:00,12,0.4124783362218371,5,10,False,10.206239168110919,11.751097534342104,11.22683545037101
2016-10-04 14:02:00,7884,0.9260869565217391,6,10,False,10.46304347826087,13.978036147590451,12.786168723244188
2016-10-04 14:02:00,17068,0.7447916666666666,5,5,False,10.372395833333334,13.90128303262009,12.732296599542483
2016-10-04 14:02:00,9196,0.7227476356396217,5,5,False,10.36137381781981,13.82011616718183,12.675204719259714
2016-10-04 14:02:00,1324,0.8578811369509044,4,5,False,10.428940568475452,14.215175595213358,12.951718156315627
2016-10-04 14:02:00,3948,0.9272197962154294,6,10,False,10.463609898107714,13.982127874839174,12.78899312521224
2016-10-04 14:02:00,2636,0.948936170212766,4,5,False,10.474468085106382,14.5217711996329,13.166771370989975
2016-10-04 14:29:00,3949,0.9126637554585153,4,5,False,10.456331877729257,14.673042109403404,13.272760732113163
2016-10-04 14:29:00,11821,0.8016997167138811,5,5,False,10.40084985835694,13.803861054822903,12.663846533478896
2016-10-04 14:29:00,13133,0.44875723527408923,5,5,False,10.224378617637045,12.729002286029461,11.91146570161138
2016-10-04 14:29:00,17069,0.7442708333333333,4,5,False,10.372135416666667,13.807220036723253,12.66657755031399
2016-10-04 14:29:00,1325,0.8320413436692506,3,5,False,10.416020671834625,14.036069455419176,12.826411377746538
2016-10-04 14:29:00,13,0.37261698440207974,3,5,False,10.18630849220104,12.54587506622254,11.783339958256915
2016-10-04 14:29:00,10509,0.19978594363182306,4,5,False,10.099892971815912,11.509552559538577,11.05786546401708
2016-10-04 14:29:00,2637,0.9212765957446809,4,5,False,10.46063829787234,14.145607389918545,12.903601636518118
2016-10-04 14:29:00,9197,0.7068193130910901,7,10,False,10.353409656545544,12.895346426721698,12.027929235068623
2016-10-04 14:29:00,7885,0.9,4,5,False,10.45,14.359270124914943,13.05316002081404
2016-10-04 14:29:00,15757,0.39896873992910087,5,5,False,10.19948436996455,12.515717288505385,11.762204297058673
2016-10-04 14:29:00,14445,0.5998487140695915,4,5,False,10.299924357034795,12.908745971988777,12.037337808638682
2016-10-04 14:29:00,6573,0.7690721649484537,4,5,False,10.384536082474227,13.898650181972547,12.730447914932018
2016-10-04 14:29:00,5261,0.6333333333333333,4,5,False,10.316666666666666,13.382495292995301,12.369201950472915
2016-10-04 14:57:00,1326,0.7932816537467701,4,5,False,10.396640826873385,14.279748609046415,12.997092231370301
2016-10-04 14:57:00,3950,0.8631732168850073,4,5,False,10.431586608442503,14.233494760095597,12.965227370697564
2016-10-04 14:57:00,11822,0.7754313674993562,6,5,False,10.387715683749677,14.101506826394711,12.872285937185108
2016-10-04 14:57:00,6574,0.7298969072164948,4,5,False,10.364948453608248,13.434472093020283,12.405639904968872
2016-10-04 14:57:00,17070,0.7192708333333333,5,5,False,10.359635416666666,13.807220036723253,12.666699590476476
2016-10-04 14:57:00,10510,0.18872636460934714,4,5,False,10.094363182304674,11.068355542117592,10.749101933395828
2016-10-04 14:57:00,2638,0.9063829787234042,4,5,False,10.453191489361702,14.380766164097139,13.068345666389884
2016-10-04 14:57:00,9198,0.6699850671976108,4,5,False,10.334992533598806,13.525619078090568,12.469192118920704
2016-10-04 14:57:00,15758,0.37673219465033836,5,5,False,10.188366097325169,12.419137248353866,11.69467366055796
2016-10-04 14:57:00,7886,0.8782608695652174,5,5,False,10.439130434782609,14.370263034427316,13.060994790196768
2016-10-04 14:57:00,14446,0.5695915279878971,4,5,False,10.284795763993948,13.12722783898053,12.190349992357651
2016-10-04 14:57:00,5262,0.6058333333333333,4,5,False,10.302916666666667,13.273341325642408,12.292903395785412
2016-10-04 14:57:00,13134,0.4313925774599932,7,10,False,10.215696288729996,11.685078560445945,11.18086219424528
2016-10-04 14:57:00,14,0.3327556325823224,3,5,False,10.166377816291162,11.623271090535532,11.13762652561203
2016-10-04 15:30:00,7887,0.8420289855072464,2,1,False,10.421014492753622,14.49307466304161,13.147103021521518
2016-10-04 15:30:00,1327,0.7596899224806202,2,1,False,10.37984496124031,14.21502626406301,12.95188116980011
2016-10-04 15:30:00,17071,0.6770833333333334,3,1,False,10.338541666666666,14.011651794616458,12.809923866749568
2016-10-04 15:30:00,9199,0.6411149825783972,3,1,False,10.320557491289199,13.567827806925976,12.498795668398843
2016-10-04 15:30:00,15759,0.3631969062197873,3,1,False,10.181598453109894,12.782254565423706,11.948913447465676
2016-10-04 15:30:00,14447,0.5416036308623298,2,1,False,10.270801815431165,13.407754937800345,12.386778564539798
2016-10-04 15:30:00,2639,0.874468085106383,3,1,False,10.437234042553191,14.678159263866142,13.276661263947473
2016-10-04 15:30:00,6575,0.6969072164948453,3,1,False,10.348453608247423,14.082453347934747,12.859334260571805
2016-10-04 15:30:00,3951,0.8326055312954876,3,5,False,10.416302765647744,14.03808792106275,12.828578291721056
2016-10-04 15:30:00,15,0.28596187175043325,2,1,False,10.142980935875217,12.34204185648802,11.64085960751332
2016-10-04 15:30:00,13135,0.41300646918624445,4,5,False,10.206503234593121,12.46820417941047,11.729111227887934
2016-10-04 15:30:00,5263,0.565,3,1,False,10.2825,13.595530814946917,12.518553893525171
2016-10-04 15:30:00,10511,0.18230467356403854,2,1,False,10.091152336782018,11.879301580858337,11.316892589777272
2016-10-04 15:30:00,11823,0.731135719804275,4,1,False,10.365567859902137,14.288885111217304,13.003611099594856
2016-10-04 16:04:00,7888,0.7739130434782608,2,1,False,10.38695652173913,14.264123223968785,12.98698104634544
2016-10-04 16:04:00,6576,0.6536082474226804,2,1,False,10.32680412371134,13.834953570844517,12.686207433493603
2016-10-04 16:04:00,1328,0.6976744186046512,1,1,False,10.348837209302326,13.905053442088466,12.735005251393394
2016-10-04 16:04:00,13136,0.38168198842356144,3,5,False,10.190840994211781,12.584912533434697,11.810853191432885
2016-10-04 16:04:00,14448,0.5022692889561271,2,1,False,10.251134644478064,12.911114659557137,12.03920848370684
2016-10-04 16:04:00,5264,0.54,3,1,False,10.27,13.168701212229099,12.219892228305742
2016-10-04 16:04:00,3952,0.7438136826783115,3,1,False,10.371906841339156,14.246571752555234,12.974646428149855
2016-10-04 16:04:00,10512,0.16446664288262575,3,5,False,10.082233321441313,11.22853241719052,10.861416458772482
2016-10-04 16:04:00,16,0.2807625649913345,1,1,False,10.140381282495667,11.834453396969973,11.285647781882536
2016-10-04 16:04:00,2640,0.8,3,1,False,10.4,14.152174671185778,12.908622010685129
2016-10-04 16:04:00,15760,0.32839187882694165,3,1,False,10.16419593941347,12.634344476347081,11.845491466690465
2016-10-04 16:04:00,17072,0.634375,3,1,False,10.3171875,13.856237779836215,12.701262657038031
2016-10-04 16:04:00,9200,0.584868093578895,3,1,False,10.292434046789447,13.67122466388186,12.571321665997843
2016-10-04 16:04:00,11824,0.6840072109193922,2,1,False,10.342003605459697,13.636298261141475,12.546892785057842
2016-10-04 16:31:00,17,0.24783362218370883,2,5,False,10.123916811091854,11.500513086464068,11.05191897317
2016-10-04 16:31:00,14449,0.46747352496217853,2,1,False,10.233736762481088,13.44382957031576,12.412184116238716
2016-10-04 16:31:00,13137,0.3455907388491658,2,1,False,10.172795369424582,12.600908071815446,11.822157455174024
2016-10-04 16:31:00,15761,0.30164357073799547,2,1,False,10.150821785368997,12.041741387371436,11.430754666222954
2016-10-04 16:31:00,9201,0.5420607267297163,2,1,False,10.271030363364858,13.409550676129868,12.388232074881614
2016-10-04 16:31:00,11825,0.6075199587947463,3,1,False,10.303759979397373,13.756518932287875,12.63112805949326
2016-10-04 16:31:00,17073,0.5598958333333334,2,1,False,10.279947916666666,13.796467874904813,12.659547351167607
2016-10-04 16:31:00,1329,0.6330749354005168,2,1,False,10.31653746770026,13.75859513158628,12.632600466950894
2016-10-04 16:31:00,10513,0.1448448091330717,2,1,False,10.072422404566536,12.085954774116228,11.461753205650703
2016-10-04 16:31:00,7889,0.6753623188405797,2,5,False,10.33768115942029,13.351010889794878,12.347939116361754
2016-10-04 16:31:00,3953,0.6855895196506551,2,1,False,10.342794759825328,13.95209593765813,12.768649497146512
2016-10-04 16:31:00,2641,0.6914893617021277,2,1,False,10.345744680851064,13.973466468362714,12.783659386421144
2016-10-04 16:31:00,6577,0.6268041237113402,2,1,False,10.31340206185567,13.735097909451817,12.61642069544426
2016-10-04 16:31:00,5265,0.4708333333333333,2,5,False,10.235416666666667,12.502147585191064,11.753415317962961
2016-10-05 07:57:00,3954,0.4104803493449782,2,1,False,10.20524017467249,12.521453084259292,11.767326211414792
2016-10-05 07:57:00,14450,0.3426626323751891,2,1,False,10.171331316187594,12.588331577381854,11.813428110763773
2016-10-05 07:57:00,10514,0.08776311095255084,2,1,False,10.043881555476275,11.055081037672977,10.740166556584207
2016-10-05 07:57:00,9202,0.36585365853658536,2,1,False,10.182926829268293,12.326929126141266,11.630465860742147
2016-10-05 07:57:00,17074,0.31354166666666666,2,1,False,10.156770833333333,12.462484428055543,11.725880656787359
2016-10-05 07:57:00,18,0.09358752166377816,1,1,False,10.04679376083189,11.356005318772183,10.95084781758759
2016-10-05 07:57:00,11826,0.28431625032191604,3,1,False,10.142158125160957,12.444109795173528,11.71250475797486
2016-10-05 07:57:00,15762,0.20947470190138576,2,1,False,10.104737350950693,11.622659965738212,11.137502931656188
2016-10-05 07:57:00,1330,0.3772609819121447,2,1,False,10.188630490956072,12.736006329911868,11.916870275621378
2016-10-05 07:57:00,6578,0.5525773195876289,2,1,False,10.276288659793815,13.450749797093522,12.417476974918046
2016-10-05 07:57:00,2642,0.2702127659574468,1,1,False,10.135106382978723,12.16195668623173,11.515729937528377
2016-10-05 07:57:00,13138,0.20224719101123595,2,1,False,10.101123595505618,11.969485431868108,11.380289429040483
2016-10-05 07:57:00,5266,0.19083333333333333,2,5,False,10.095416666666667,11.23493701829565,10.866463328508484
2016-10-05 07:57:00,7890,0.2608695652173913,2,1,False,10.130434782608695,12.231442317995187,11.564348573269767
2016-10-05 08:30:00,14451,0.36838124054462934,2,1,False,10.184190620272314,12.698300574838758,11.890470550955248
2016-10-05 08:30:00,5267,0.2775,2,1,False,10.13875,12.30485101694837,11.615422947542402
2016-10-05 08:30:00,7891,0.4260869565217391,2,1,False,10.21304347826087,12.940847724789677,12.061003952926288
2016-10-05 08:30:00,19,0.1022530329289428,1,5,False,10.051126516464471,10.697924700734534,10.490256982782658
2016-10-05 08:30:00,11827,0.41179500386299256,2,1,False,10.205897501931496,12.881330583830085,12.018605968154151
2016-10-05 08:30:00,1331,0.43669250645994834,2,1,False,10.218346253229974,12.984771799248524,12.09106116616066
2016-10-05 08:30:00,17075,0.40572916666666664,2,1,False,10.202864583333334,12.500894495080427,11.752846691377858
2016-10-05 08:30:00,9203,0.4066699850671976,2,1,False,10.203334992533598,12.85989794247753,12.00361850687832
2016-10-05 08:30:00,10515,0.11630396004281128,2,1,False,10.058151980021405,11.57732932200646,11.105835745971314
2016-10-05 08:30:00,15763,0.24492426683854335,2,1,False,10.12246213341927,12.160672965015626,11.514184725774689
2016-10-05 08:30:00,6579,0.5628865979381443,1,1,False,10.281443298969073,13.393136701842936,12.377259879075671
2016-10-05 08:30:00,2643,0.4276595744680851,2,1,False,10.213829787234042,13.286549541254995,12.303014305835852
2016-10-05 08:30:00,13139,0.25059584610146407,2,1,False,10.125297923050733,12.550735814884193,11.787240263191077
2016-10-05 08:30:00,3955,0.48034934497816595,2,1,False,10.240174672489083,13.163368408888442,12.216747823149998
2016-10-05 09:04:00,15764,0.2887528198517564,4,5,False,10.144376409925878,11.91689874842028,11.34356794065513
2016-10-05 09:04:00,10516,0.14948269711023904,2,1,False,10.07474134855512,11.729777684833893,11.212593438055018
2016-10-05 09:04:00,7892,0.6144927536231884,2,1,False,10.307246376811595,13.688725902120886,12.58461300218184
2016-10-05 09:04:00,6580,0.6041237113402061,2,1,False,10.302061855670104,13.649423895490163,12.556715293428862
2016-10-05 09:04:00,9204,0.4723743155798905,2,1,False,10.236187157789946,13.131012693518201,12.193467187636294
2016-10-05 09:04:00,3956,0.5749636098981077,3,5,False,10.287481804949055,13.047044832009798,12.135422772324565
2016-10-05 09:04:00,11828,0.5516353335050219,3,1,False,10.275817666752511,13.544154580116611,12.48268322887915
2016-10-05 09:04:00,14452,0.41906202723146746,2,1,False,10.209531013615734,12.558492703680157,11.792738840668223
2016-10-05 09:04:00,13140,0.3159686755192373,3,1,False,10.157984337759618,12.581049337055013,11.808542149934631
2016-10-05 09:04:00,5268,0.39166666666666666,2,1,False,10.195833333333333,12.43983139508391,11.710059026910251
2016-10-05 09:04:00,17076,0.5078125,4,5,False,10.25390625,12.87242602007918,12.012998980693524
2016-10-05 09:04:00,1332,0.5452196382428941,2,1,False,10.272609819121447,13.088276790795978,12.163562492371204
2016-10-05 09:04:00,20,0.12305025996533796,2,1,False,10.06152512998267,11.608427729342157,11.127717639917595
2016-10-05 09:04:00,2644,0.6021276595744681,2,1,False,10.301063829787234,13.64183250365107,12.551817780625502
2016-10-05 09:30:00,6581,0.6536082474226804,2,1,False,10.32680412371134,13.834953570844517,12.686683666809476
2016-10-05 09:30:00,9205,0.5425584868093579,3,5,False,10.27127924340468,12.913089978416677,12.040984385259158
2016-10-05 09:30:00,17077,0.5927083333333333,3,1,False,10.296354166666667,13.700868360839277,12.593000747325394
2016-10-05 09:30:00,1333,0.661498708010336,3,1,False,10.330749354005167,13.645780179912538,12.553890151374198
2016-10-05 09:30:00,13141,0.3687436159346272,4,5,False,10.184371807967313,12.274424061253608,11.59393380150484
2016-10-05 09:30:00,11829,0.6572237960339944,3,1,False,10.328611898016998,13.939870993524309,12.75975880452351
2016-10-05 09:30:00,2645,0.7382978723404255,2,1,False,10.369148936170212,14.140348058547643,12.900895457052215
2016-10-05 09:30:00,21,0.1438474870017331,2,5,False,10.071923743500866,11.013875743553509,10.711615465064732
2016-10-05 09:30:00,3957,0.6754002911208151,2,1,False,10.337700145560408,13.91501206811762,12.74309756861937
2016-10-05 09:30:00,15765,0.323235578472446,3,1,False,10.161617789236223,12.612255567520887,11.830449043740538
2016-10-05 09:30:00,5269,0.4866666666666667,3,1,False,10.243333333333334,13.289237321462865,12.304743748978883
2016-10-05 09:30:00,14453,0.4735249621785174,3,1,False,10.236762481089258,13.236651336412006,12.267540035330175
2016-10-05 09:30:00,10517,0.1705315733143061,3,1,False,10.085265786657153,11.939174240115825,11.359323353198178
2016-10-05 09:30:00,7893,0.7391304347826086,2,1,False,10.369565217391305,14.14327318778242,12.902914391069496
2016-10-05 10:04:00,6582,0.6989690721649484,3,1,False,10.349484536082475,14.377631634344333,13.066672488020668
2016-10-05 10:04:00,13142,0.4157303370786517,4,1,False,10.207865168539326,13.437009761057856,12.4078185798702
2016-10-05 10:04:00,9206,0.6202090592334495,5,5,False,10.310104529616725,13.429166871189421,12.402346911569689
2016-10-05 10:04:00,5270,0.5825,5,5,False,10.29125,13.279999253784911,12.298399970446946
2016-10-05 10:04:00,14454,0.5370650529500757,3,1,False,10.268532526475038,13.487726459381184,12.44335693620123
2016-10-05 10:04:00,17078,0.6802083333333333,4,1,False,10.340104166666666,14.39856956863438,13.081510265585049
2016-10-05 10:04:00,7894,0.8289855072463768,3,1,False,10.414492753623188,14.532204518981878,13.175299179402987
2016-10-05 10:04:00,1334,0.8010335917312662,3,1,False,10.400516795865633,14.440231855034526,13.110081020999996
2016-10-05 10:04:00,3958,0.7802037845705968,4,1,False,10.390101892285298,14.454063186107604,13.12055889343518
2016-10-05 10:04:00,22,0.1975736568457539,3,1,False,10.098786828422877,12.060860305738778,11.44459207826242
2016-10-05 10:04:00,15766,0.35836287463744765,4,1,False,10.179181437318723,12.512295217719636,11.76057369255157
2016-10-05 10:04:00,2646,0.8148936170212766,3,1,False,10.407446808510638,14.204163455353534,12.945698998910483
2016-10-05 10:04:00,11830,0.7615245943857842,4,1,False,10.380762297192891,14.391810012033702,13.076247469283086
2016-10-05 10:04:00,10518,0.19514805565465573,4,5,False,10.097574027827328,11.488072117301616,11.043654392957688
2016-10-05 10:30:00,2647,0.8595744680851064,4,5,False,10.429787234042553,13.924833847050301,12.750303087697713
2016-10-05 10:30:00,17079,0.7182291666666667,5,5,False,10.359114583333334,13.803351302483675,12.664998509497659
2016-10-05 10:30:00,13143,0.43854273067756216,7,10,False,10.21927136533878,12.095039025380022,11.468539184306076
2016-10-05 10:30:00,6583,0.7319587628865979,3,5,False,10.3659793814433,13.667216542752156,12.569504647637562
2016-10-05 10:30:00,9207,0.6665007466401195,4,5,False,10.333250373320059,13.51213018655481,12.460514191684528
2016-10-05 10:30:00,10519,0.20906171958615768,5,5,False,10.104530859793078,11.28125847704042,10.89892275132626
2016-10-05 10:30:00,1335,0.8708010335917312,5,10,False,10.435400516795866,13.358606981795527,12.35304779592635
2016-10-05 10:30:00,23,0.2218370883882149,4,10,False,10.110918544194108,11.137066884924586,10.798023553075804
2016-10-05 10:30:00,7895,0.8666666666666667,4,5,False,10.433333333333334,13.950628605786875,12.768341362783392
2016-10-05 10:30:00,15767,0.3809216886883661,6,10,False,10.190460844344184,11.721107826323255,11.206824148240084
2016-10-05 10:30:00,14455,0.575642965204236,4,5,False,10.287821482602117,13.151801225457746,12.208318727157655
2016-10-05 10:30:00,5271,0.6133333333333333,5,5,False,10.306666666666667,13.722753458740051,12.608439265145849
2016-10-05 10:30:00,3959,0.8413391557496361,4,5,False,10.420669577874818,14.15751793351556,12.913120033961409
2016-10-05 10:30:00,11831,0.8027298480556271,5,5,False,10.401364924027813,14.109633842016343,12.878818392584733
2016-10-05 11:04:00,3960,0.901018922852984,5,5,False,10.450509461426492,14.446330004438375,13.115421807178727
2016-10-05 11:04:00,13144,0.4528430371127,6,5,False,10.22642151855635,12.851625556251458,11.998234537550399
2016-10-05 11:04:00,7896,0.9043478260869565,6,5,False,10.452173913043477,14.539416030736758,13.180619257793518
2016-10-05 11:04:00,5272,0.6308333333333334,5,5,False,10.315416666666668,13.139047163058226,12.199904525098006
2016-10-05 11:04:00,2648,0.8936170212765957,5,5,False,10.446808510638299,14.421715367804161,13.098246024220275
2016-10-05 11:04:00,17080,0.734375,7,5,False,10.3671875,13.739185898934299,12.620204694908267
2016-10-05 11:04:00,6584,0.756701030927835,6,5,False,10.378350515463918,14.325528989132883,13.030492125222741
2016-10-05 11:04:00,9208,0.7023394723743156,9,10,False,10.351169736187158,13.417188690460085,12.394143963877617
2016-10-05 11:04:00,11832,0.8181818181818182,10,10,False,10.409090909090908,13.949406450199914,12.766714646062393
2016-10-05 11:04:00,1336,0.875968992248062,5,5,False,10.437984496124031,14.362539202539741,13.05587242985292
2016-10-05 11:04:00,24,0.2564991334488735,4,5,False,10.128249566724437,11.385963449203789,10.972339304288928
2016-10-05 11:04:00,15768,0.4028359651949726,6,5,False,10.201417982597487,12.27777242446666,11.596591918492358
2016-10-05 11:04:00,14456,0.5990922844175491,8,10,False,10.299546142208774,12.897875155741833,12.030676001076772
2016-10-05 11:04:00,10520,0.21512665001783804,5,5,False,10.107563325008918,11.695408334900083,11.188964706167393
2016-10-05 11:30:00,6585,0.7546391752577319,5,5,False,10.377319587628866,13.937206210871935,12.75873550164767
2016-10-05 11:30:00,9209,0.7147834743653559,7,5,False,10.357391737182677,13.665287902313736,12.567889466739286
2016-10-05 11:30:00,13145,0.45624787197820904,6,5,False,10.228123935989105,12.865881812767604,12.008324778871884
2016-10-05 11:30:00,15769,0.4057363841443764,6,5,False,10.202868192072188,13.002229026108953,12.103783137509106
2016-10-05 11:30:00,14457,0.6021180030257186,6,5,False,10.30105900151286,13.123946101942956,12.189001127562575
2016-10-05 11:30:00,2649,0.9127659574468086,8,10,False,10.456382978723404,14.10910708559401,12.879562022829884
2016-10-05 11:30:00,3961,0.9315866084425036,6,5,False,10.465793304221252,14.627243107531163,13.242203561577417
2016-10-05 11:30:00,7897,0.9188405797101449,5,5,False,10.459420289855073,14.505097595588776,13.156741919288685
2016-10-05 11:30:00,17081,0.7447916666666666,6,5,False,10.372395833333334,13.992074574353076,12.797346685536418
2016-10-05 11:30:00,1337,0.8785529715762274,5,5,False,10.439276485788113,14.64413998085799,13.25308511829142
2016-10-05 11:30:00,11833,0.822559876384239,6,5,False,10.41127993819212,14.265836578098742,12.988341147451177
2016-10-05 11:30:00,25,0.2807625649913345,4,5,False,10.140381282495667,11.880706241503464,11.318755913670092
2016-10-05 11:30:00,10521,0.21155904388155547,5,5,False,10.105779521940777,11.67904553464921,11.177610196920744
2016-10-05 11:30:00,5273,0.645,6,5,False,10.3225,13.621727677938878,12.537963633485914
2016-10-05 12:04:00,2650,0.951063829787234,8,10,False,10.475531914893617,14.242836182961973,12.973304178723058
2016-10-05 12:04:00,3962,0.9461426491994177,9,10,False,10.473071324599708,14.311662527477385,13.021445540142134
2016-10-05 12:04:00,11834,0.8274530002575329,10,10,False,10.413726500128767,13.674703140747093,12.574579498017087
2016-10-05 12:04:00,6586,0.7608247422680412,8,10,False,10.380412371134021,13.547456501225854,12.486031864616384
2016-10-05 12:04:00,15770,0.4073477280051563,9,10,False,10.203673864002578,11.803737009412485,11.264922831895323
2016-10-05 12:04:00,13146,0.4627170582226762,10,10,False,10.231358529111338,12.531118664099541,11.774099632581283
2016-10-05 12:04:00,5274,0.6491666666666667,9,10,False,10.324583333333333,13.534624407739173,12.477106266088358
2016-10-05 12:04:00,26,0.30849220103986136,6,10,False,10.15424610051993,11.386620930556727,10.972926361983289
2016-10-05 12:04:00,14458,0.6119515885022693,9,10,False,10.305975794251134,12.706395594968889,11.89680700800865
2016-10-05 12:04:00,10522,0.20763467713164466,8,10,False,10.103817338565822,10.754398293370233,10.530423356096867
2016-10-05 12:04:00,7898,0.946376811594203,8,10,False,10.473188405797101,14.226642443567297,12.961967786188033
2016-10-05 12:04:00,1338,0.8708010335917312,8,10,False,10.435400516795866,13.958907253295767,12.773549043173858
2016-10-05 12:04:00,17082,0.753125,9,10,False,10.3765625,13.613861135869278,12.532725303617694
2016-10-05 12:04:00,9210,0.726231956197113,6,5,False,10.363115978098557,13.613703760239577,12.531941226279995
2016-10-05 12:17:00,6587,0.7752577319587629,8,10,False,10.387628865979382,13.602898227730458,12.524954602825668
2016-10-05 12:30:00,7899,0.9594202898550724,8,10,False,10.479710144927536,14.271588234095283,12.993565398724039
2016-10-05 12:30:00,5275,0.6416666666666667,9,10,False,10.320833333333333,13.175443456040622,12.225794019896373
2016-10-05 12:30:00,15771,0.41185949081534,9,10,False,10.20592974540767,12.563364316081406,11.796722916153618
2016-10-05 12:30:00,27,0.317157712305026,7,10,False,10.158578856152513,11.542792677343654,11.082332283752173
2016-10-05 12:30:00,14459,0.613464447806354,9,10,False,10.306732223903177,12.712824264651093,11.901358576426695
2016-10-05 12:30:00,2651,0.9574468085106383,9,10,False,10.47872340425532,14.350020495383522,13.04846927541259
2016-10-05 12:30:00,1339,0.8682170542635659,8,10,False,10.434108527131784,13.639635476273888,12.550147000890117
2016-10-05 12:30:00,17083,0.7484375,7,5,False,10.37421875,14.094447552536229,12.869251709486097
2016-10-05 12:30:00,11835,0.8215297450424929,11,10,False,10.410764872521247,13.746570397310231,12.624995363191609
2016-10-05 12:30:00,13147,0.466802860061287,10,10,False,10.233401430030643,12.54875360390498,11.78654361793648
2016-10-05 12:30:00,9211,0.732702837232454,9,10,False,10.366351418616228,13.535407922237665,12.47721525944768
2016-10-05 12:30:00,3963,0.9621542940320232,9,10,False,10.481077147016011,14.365911110871414,13.05955782977837
2016-10-05 12:30:00,10523,0.20692115590438814,8,10,False,10.103460577952195,11.533995028204044,11.076245117236846
2016-10-05 12:57:00,5276,0.63,8,10,False,10.315,13.025891084664309,12.12115827401652
2016-10-05 12:57:00,9212,0.741662518666003,7,5,False,10.370831259333002,14.359256126400444,13.053936090104301
2016-10-05 12:57:00,2652,0.9595744680851064,8,10,False,10.479787234042552,13.978593189823762,12.7886096795654
2016-10-05 12:57:00,1340,0.8863049095607235,8,10,False,10.443152454780362,14.0148423972287,12.812850179077378
2016-10-05 12:57:00,6588,0.7690721649484537,8,10,False,10.384536082474227,13.579190043654286,12.50851606589526
2016-10-05 12:57:00,13148,0.47020769492679604,9,10,False,10.235103847463398,12.455237403590552,11.721146264046588
2016-10-05 12:57:00,11836,0.8099407674478496,11,10,False,10.404970383723924,13.703002534936818,12.59459497614853
2016-10-05 12:57:00,14460,0.6255673222390318,9,10,False,10.312783661119516,12.764110613083071,11.937390409239748
2016-10-05 12:57:00,10524,0.20906171958615768,9,10,False,10.104530859793078,11.272596053449833,10.893344986067762
2016-10-05 12:57:00,17084,0.7385416666666667,9,10,False,10.369270833333333,13.230025230567566,12.264287399975743
2016-10-05 12:57:00,7900,0.9637681159420289,6,5,False,10.481884057971014,14.728887723038252,13.313812046265523
2016-10-05 12:57:00,28,0.30329289428076256,7,10,False,10.151646447140381,11.478615159488685,11.037555455400785
2016-10-05 12:57:00,3964,0.9650655021834061,8,10,False,10.482532751091703,13.99839872824984,12.802439187473237
2016-10-05 12:57:00,15772,0.412181759587496,9,10,False,10.206090879793749,12.200326517701575,11.542763120940966
2016-10-05 13:30:00,6589,0.7670103092783506,7,10,False,10.383505154639176,13.791933356290599,12.65749376596979
2016-10-05 13:30:00,29,0.31022530329289427,6,10,False,10.155112651646448,11.77886236048515,11.247752229734349
2016-10-05 13:30:00,5277,0.6341666666666667,8,10,False,10.317083333333333,13.04301360282638,12.133310727574937
2016-10-05 13:30:00,3965,0.9286754002911208,8,10,False,10.46433770014556,14.16504939029682,12.919222908992506
2016-10-05 13:30:00,9213,0.7277252364360378,9,10,False,10.363862618218018,13.516156254742196,12.463855697228599
2016-10-05 13:30:00,7901,0.9695652173913043,7,10,False,10.484782608695653,14.220370434733972,12.958001606331075
2016-10-05 13:30:00,11837,0.8101983002832861,7,5,False,10.405099150141643,14.309076395595435,13.018918577599699
2016-10-05 13:30:00,14461,0.6232980332829047,8,10,False,10.311649016641452,12.998282050107807,12.10138554873189
2016-10-05 13:30:00,15773,0.4021914276506606,9,10,False,10.20109571382533,12.155927825319232,11.511753610072928
2016-10-05 13:30:00,1341,0.8914728682170543,7,10,False,10.445736434108527,13.943199541536487,12.76281679826738
2016-10-05 13:30:00,13149,0.47191011235955055,6,5,False,10.235955056179776,12.931190907946057,12.054449291887897
2016-10-05 13:30:00,17085,0.7432291666666667,6,5,False,10.371614583333333,13.986439517078777,12.79388102924755
2016-10-05 13:30:00,2653,0.9659574468085106,8,10,False,10.482978723404255,14.293973590027221,13.009503584864781
2016-10-05 13:30:00,10525,0.20799143774527293,8,10,False,10.103995718872637,11.150331006802578,10.80786302198919
2016-10-05 13:57:00,10526,0.2065643952907599,5,5,False,10.10328219764538,11.656112932402616,11.161916528184065
2016-10-05 13:57:00,30,0.30155979202772965,4,5,False,10.150779896013864,11.97473514446816,11.384954918568845
2016-10-05 13:57:00,9214,0.7232453957192633,6,5,False,10.361622697859632,13.91390572404517,12.742380339530103
2016-10-05 13:57:00,15774,0.3986464711569449,7,5,False,10.199323235578472,12.728532475912655,11.912639970782124
2016-10-05 13:57:00,17086,0.740625,6,5,False,10.3703125,13.97703605083952,12.787426469288732
2016-10-05 13:57:00,2654,0.9680851063829787,5,5,False,10.48404255319149,14.663824438227593,13.268536913322885
2016-10-05 13:57:00,14462,0.6187594553706506,6,5,False,10.309379727685325,13.191379563481034,12.236647511980669
2016-10-05 13:57:00,13150,0.4681647940074906,6,5,False,10.234082397003744,12.915614030047324,12.04362868836118
2016-10-05 13:57:00,6590,0.7587628865979381,7,10,False,10.37938144329897,13.442353974144009,12.412897786065198
2016-10-05 13:57:00,5278,0.6366666666666667,5,5,False,10.318333333333333,13.16270362078617,12.21719773271668
2016-10-05 13:57:00,3966,0.9243085880640466,6,5,False,10.462154294032024,14.328723969077998,13.033928717018462
2016-10-05 13:57:00,7902,0.9594202898550724,6,5,False,10.479710144927536,14.71528929965044,13.304580189420491
2016-10-05 13:57:00,11838,0.808653103270667,7,5,False,10.404326551635334,14.30380867837544,13.015380520608
2016-10-05 13:57:00,1342,0.8914728682170543,5,5,False,10.445736434108527,14.41456246728655,13.092865724791478
2016-10-05 14:30:00,11839,0.7911408704609838,5,5,False,10.395570435230493,13.764519088433289,12.637900793651701
2016-10-05 14:30:00,1343,0.8682170542635659,4,5,False,10.434108527131784,14.250897401622831,12.978370926803803
2016-10-05 14:30:00,5279,0.6391666666666667,4,5,False,10.319583333333334,13.405455663973203,12.387174880394786
2016-10-05 14:30:00,15775,0.3841443764099259,4,5,False,10.192072188204962,12.34219263301026,11.642292383361186
2016-10-05 14:30:00,3967,0.9024745269286754,4,5,False,10.451237263464337,14.079207115859838,12.85940577233861
2016-10-05 14:30:00,2655,0.951063829787234,4,5,False,10.475531914893617,14.528716224807482,13.174110753718889
2016-10-05 14:30:00,31,0.2738301559792028,5,10,False,10.1369150779896,11.107232431602885,10.777873576747373
2016-10-05 14:30:00,14463,0.6006051437216339,4,5,False,10.300302571860817,13.252420643051924,12.279464509453112
2016-10-05 14:30:00,6591,0.7443298969072165,4,5,False,10.372164948453609,13.807439329026511,12.668618051533636
2016-10-05 14:30:00,17087,0.7338541666666667,4,5,False,10.366927083333334,13.768429322766087,12.641529330642786
2016-10-05 14:30:00,10527,0.19514805565465573,4,5,False,10.097574027827328,11.488072117301616,11.044437917602535
2016-10-05 14:30:00,7903,0.946376811594203,4,5,False,10.473188405797101,14.233046389052266,12.967161391369705
2016-10-05 14:30:00,9215,0.7038327526132404,7,10,False,10.35191637630662,12.88288059741455,12.02081181534784
2016-10-05 14:30:00,13151,0.45965270684371806,5,5,False,10.22982635342186,13.120696611746382,12.187298429866072
2016-10-05 14:57:00,9216,0.6744649079143853,5,5,False,10.337232453957192,13.314392832365012,12.322902457899136
2016-10-05 14:57:00,17088,0.7177083333333333,5,5,False,10.358854166666667,13.484467085435508,12.442876658302257
2016-10-05 14:57:00,32,0.2512998266897747,3,5,False,10.125649913344887,11.631910196235813,11.145165805514862
2016-10-05 14:57:00,15776,0.3657750563970351,7,10,False,10.182887528198517,11.381729585495858,10.970055892389354
2016-10-05 14:57:00,1344,0.8423772609819121,6,10,False,10.421188630490956,13.345057780525549,12.34439530969432
2016-10-05 14:57:00,10528,0.18587227970032108,5,5,False,10.09293613985016,11.56080716099443,11.095417589896408
2016-10-05 14:57:00,2656,0.925531914893617,4,5,False,10.462765957446809,14.160528235178202,12.916524429205108
2016-10-05 14:57:00,5280,0.6225,6,10,False,10.31125,12.786345572913252,11.953913465747718
2016-10-05 14:57:00,7904,0.9159420289855073,6,10,False,10.457971014492754,13.941270254789853,12.763053894246033
2016-10-05 14:57:00,14464,0.5832072617246596,5,5,False,10.29160363086233,13.608513389137107,12.528820299876475
2016-10-05 14:57:00,6592,0.734020618556701,4,5,False,10.367010309278351,13.450600619428563,12.418936693240937
2016-10-05 14:57:00,3968,0.8500727802037845,5,5,False,10.425036390101893,14.27446195884406,12.996215027680304
2016-10-05 14:57:00,11840,0.7630697913984033,6,5,False,10.381534895699202,14.057601426960215,12.843201203346425
2016-10-05 14:57:00,13152,0.4473953013278856,6,10,False,10.223697650663944,12.022665560493081,11.418767770313547
2016-10-05 15:30:00,7905,0.8579710144927536,3,1,False,10.428985507246377,14.625749774902042,13.242316013880366
2016-10-05 15:30:00,1345,0.7906976744186046,2,5,False,10.395348837209303,13.793939794772802,12.6586663467046
2016-10-05 15:30:00,14465,0.5355521936459909,2,1,False,10.267776096822995,13.383941870561472,12.371672002514035
2016-10-05 15:30:00,5281,0.5816666666666667,4,5,False,10.290833333333333,13.176192264107813,12.22690617665579
2016-10-05 15:30:00,10529,0.17195861576881913,2,1,False,10.08597930788441,12.20672974606921,11.547641594434392
2016-10-05 15:30:00,9217,0.6286709805873569,3,1,False,10.31433549029368,13.51981797024218,12.466815148902882
2016-10-05 15:30:00,6593,0.6701030927835051,2,1,False,10.335051546391753,13.89564484648972,12.7305739238468
2016-10-05 15:30:00,17089,0.6786458333333333,2,1,False,10.339322916666667,13.926848466299884,12.752655427042715
2016-10-05 15:30:00,11841,0.7164563481843935,3,1,False,10.358228174092197,14.15143704470745,12.908967305362065
2016-10-05 15:30:00,33,0.22357019064124783,2,1,False,10.111785095320624,12.065325547869826,11.448697189724898
2016-10-05 15:30:00,2657,0.8574468085106383,3,1,False,10.428723404255319,14.882745396560018,13.422209921551291
2016-10-05 15:30:00,3969,0.8078602620087336,3,1,False,10.403930131004367,14.462853894203356,13.1282265089777
2016-10-05 15:30:00,13153,0.4164113040517535,4,5,False,10.208205652025876,12.482982374512144,11.741071211049176
2016-10-05 15:30:00,15777,0.34031582339671285,3,1,False,10.170157911698356,12.68525240038886,11.882673501208698
2016-10-05 15:57:00,6594,0.6515463917525773,2,1,False,10.32577319587629,13.511589466953637,12.461797618878913
2016-10-05 16:04:00,2658,0.7957446808510639,2,1,False,10.397872340425533,14.338618762642968,13.041477900689062
2016-10-05 16:04:00,9218,0.5963165754106521,2,1,False,10.298158287705325,13.619684642063206,12.536790421849432
2016-10-05 16:04:00,13154,0.3922369765066394,2,1,False,10.196118488253319,12.799286964715575,11.962531385455463
2016-10-05 16:04:00,11842,0.6621169199072882,3,1,False,10.331058459953644,13.95763570732327,12.77339046549977
2016-10-05 16:04:00,14466,0.5181543116490166,3,5,False,10.259077155824508,12.810944821145487,11.9707279865078
2016-10-05 16:04:00,3970,0.7467248908296943,2,1,False,10.373362445414847,14.169885700224324,12.923291941453659
2016-10-05 16:04:00,1346,0.7338501291989664,1,1,False,10.366925064599483,14.035915350880039,12.828143190158919
2016-10-05 16:04:00,17090,0.6265625,2,1,False,10.31328125,13.734190870388867,12.617921089558411
2016-10-05 16:04:00,15778,0.31969062197873027,2,1,False,10.159845310989365,12.489172518449575,11.745502397321612
2016-10-05 16:04:00,5282,0.5341666666666667,2,1,False,10.267083333333334,13.378479353186936,12.368676851806892
2016-10-05 16:04:00,7906,0.7971014492753623,2,1,False,10.398550724637682,14.343213775166085,13.044689203814114
2016-10-05 16:04:00,10530,0.15875847306457366,3,1,False,10.079379236532287,11.885893379173586,11.323220305652818
2016-10-05 16:04:00,34,0.2097053726169844,2,1,False,10.104852686308492,12.00307777169279,11.405221577290336
2016-10-05 16:30:00,7907,0.7159420289855073,2,1,False,10.357971014492753,13.7568509455764,12.634374568144988
2016-10-05 16:30:00,14467,0.47806354009077157,3,5,False,10.239031770045386,12.640862413137,11.851708716229183
2016-10-05 16:30:00,6595,0.6164948453608248,2,1,False,10.308247422680413,14.003543530189354,12.806275958175648
2016-10-05 16:30:00,11843,0.5864022662889519,2,1,False,10.293201133144477,13.25487208490844,12.281529601895818
2016-10-05 16:30:00,10531,0.13913663931501963,2,1,False,10.06956831965751,11.682375348421747,11.180799278271802
2016-10-05 16:30:00,13155,0.35886959482465103,3,5,False,10.179434797412325,12.119660940668348,11.486908193982359
2016-10-05 16:30:00,9219,0.5460428073668492,2,1,False,10.273021403683424,13.744745474955078,12.624478702564655
2016-10-05 16:30:00,35,0.1975736568457539,1,1,False,10.098786828422877,11.452083895572734,11.019558007847179
2016-10-05 16:30:00,3971,0.6768558951965066,2,1,False,10.338427947598253,13.920323408093216,12.748732126066756
2016-10-05 16:30:00,2659,0.7127659574468085,2,1,False,10.356382978723405,13.744957186459704,12.626053995434035
